USE TMobile;

CREATE TABLE CUSTOMER(
	CUSTOMERID INT PRIMARY KEY AUTO_INCREMENT,
    CUSTOMER_FIRST VARCHAR(50) NOT NULL,
    CUSTOMER_LAST VARCHAR(50) NOT NULL,
    ADDRESS VARCHAR(50) NOT NULL,
    ZIP CHAR(5) NOT NULL,
    STATE CHAR(2) NOT NULL,
    DOB DATE NOT NULL,
    EMAIL VARCHAR(80) NOT NULL,
    AGE INT NOT NULL);
    
    ALTER TABLE CUSTOMER AUTO_INCREMENT = 0;
    ALTER TABLE CUSTOMER ADD CITY VARCHAR(50);

    INSERT INTO CUSTOMER (CUSTOMERID, CUSTOMER_FIRST, CUSTOMER_LAST, ADDRESS, CITY, ZIP, STATE, DOB, EMAIL, AGE) VALUES (1, 'Michael',	'Scott', '1769 Lake Forest Drive',	'White Plains',	'10601', "NY", 19911201, 'Mscott@gmail.com', 31 );
    INSERT INTO CUSTOMER (CUSTOMERID, CUSTOMER_FIRST, CUSTOMER_LAST, ADDRESS, CITY, ZIP, STATE, DOB, EMAIL, AGE) VALUES (2, 'Dwight', 'Schrute',	'1374 Caldwell Road', 	'Rochester',	14608,	"NY",	20001226,	'DSchrute@gmail.com',	22);
    INSERT INTO CUSTOMER (CUSTOMERID, CUSTOMER_FIRST, CUSTOMER_LAST, ADDRESS, CITY, ZIP, STATE, DOB, EMAIL, AGE) VALUES (3,	'Pam',	'Halpert',	'2106 Confederate Drive',	'Dexter',	13634,	"NY",	20010424,	'PHalpter@gmail.com',	22);
    INSERT INTO CUSTOMER (CUSTOMERID, CUSTOMER_FIRST, CUSTOMER_LAST, ADDRESS, CITY, ZIP, STATE, DOB, EMAIL, AGE) VALUES (4,	'Jim',	'Halpert',	'1400 Alfred Drive',	'Brooklyn',	11206,	"NY",	19690202,	'JHalpter@gmail.com',	54);
    INSERT INTO CUSTOMER (CUSTOMERID, CUSTOMER_FIRST, CUSTOMER_LAST, ADDRESS, CITY, ZIP, STATE, DOB, EMAIL, AGE) VALUES (5,	'Kelly',	'Kapoor',	'524 Oak Street',	'Savannah',	13146,	"NY",	19990101,	'KKappor@gmail.com',	24);
    INSERT INTO CUSTOMER (CUSTOMERID, CUSTOMER_FIRST, CUSTOMER_LAST, ADDRESS, CITY, ZIP, STATE, DOB, EMAIL, AGE) VALUES (6,	'Phyllis',	'Vance',	'1118 Cantebury Drive',	'Mineola',	11501,	"NY",	19840821,	'PVance@gmail.com',	39);
    INSERT INTO CUSTOMER (CUSTOMERID, CUSTOMER_FIRST, CUSTOMER_LAST, ADDRESS, CITY, ZIP, STATE, DOB, EMAIL, AGE) VALUES (7,	'Andy',	'Bernard',	'4635 Geneva Street',	'New York',	10023,	"NY",	19901201,	'ABernard@gmail.com', 	32);
	INSERT INTO CUSTOMER (CUSTOMERID, CUSTOMER_FIRST, CUSTOMER_LAST, ADDRESS, CITY, ZIP, STATE, DOB, EMAIL, AGE) VALUES (8,	'Darryl',	'Philbin',	'1357 Frosty Lane',	'Afton',	13730,	"NY",	19761204,	'DPhilbin@gmail.com',	46);
    INSERT INTO CUSTOMER (CUSTOMERID, CUSTOMER_FIRST, CUSTOMER_LAST, ADDRESS, CITY, ZIP, STATE, DOB, EMAIL, AGE) VALUES (9,	'Oscar',	'Martinez',	'273 Confederate Drive',	'Syracuse', 	13202,	"NY",	19700917,	'OMartinez@gmail.com',	53);
	INSERT INTO CUSTOMER (CUSTOMERID, CUSTOMER_FIRST, CUSTOMER_LAST, ADDRESS, CITY, ZIP, STATE, DOB, EMAIL, AGE) VALUES (10,	'Anglea',	'Martin',	'4094 Hardesty Street',	'North Greenbush',	12144,	"NY",	19670127,	'AMartin@gmail.com',	56);
    INSERT INTO CUSTOMER (CUSTOMERID, CUSTOMER_FIRST, CUSTOMER_LAST, ADDRESS, CITY, ZIP, STATE, DOB, EMAIL, AGE) VALUES (11,	'Ryan',	'Howard',	'1800 Marshville Road',	'Middletown',	10940,	"NY",	19961212,	'RHoward@gmail.com',	26);
    INSERT INTO CUSTOMER (CUSTOMERID, CUSTOMER_FIRST, CUSTOMER_LAST, ADDRESS, CITY, ZIP, STATE, DOB, EMAIL, AGE) VALUES (12,	'Erin',	'Hannon',	'4707 Stratford Court',	'Grantham',	27530,	"NC",	19760312,	'EHoward@gmail.com',	47);
	INSERT INTO CUSTOMER (CUSTOMERID, CUSTOMER_FIRST, CUSTOMER_LAST, ADDRESS, CITY, ZIP, STATE, DOB, EMAIL, AGE) VALUES (13,	'Kevin',	'Malone',	'1575 Ray Court',	'Fayetteville',	28301,	"NC",	19760312,	'KMalone@gmail.com',	56);
    INSERT INTO CUSTOMER (CUSTOMERID, CUSTOMER_FIRST, CUSTOMER_LAST, ADDRESS, CITY, ZIP, STATE, DOB, EMAIL, AGE) VALUES (14	, 'Stanley',	'Hudson', 	'1127 Wilson Street',	'Los Angeles',	90017,	'CA',	19590819,	'SHudson@gmail.com',	64);
    INSERT INTO CUSTOMER (CUSTOMERID, CUSTOMER_FIRST, CUSTOMER_LAST, ADDRESS, CITY, ZIP, STATE, DOB, EMAIL, AGE) VALUES (15	, 'Toby'	,'Flenderson'	,'1384 Jones Avenue',	'Winston Salem'	,27001,	'NC',	19520621	,'TFlenderson@gmail.com',	71);
     
    
CREATE TABLE TMOBLIE_PRODUCT(
	DEVICEID INT PRIMARY KEY AUTO_INCREMENT,
    BRAND VARCHAR(20) NOT NULL,
    MODEL VARCHAR(20) NOT NULL,
    CAPACITY VARCHAR(8) NOT NULL);
    
   INSERT INTO TMOBLIE_PRODUCT VALUES(100,	'Apple',	'Iphone 15',	'128gb');
   INSERT INTO TMOBLIE_PRODUCT VALUES(101,	'Apple',	'Iphone 15 Pro Max',	'256gb');
   INSERT INTO TMOBLIE_PRODUCT VALUES(102,	'Apple',	'Iphone 14',	'128gb');
   INSERT INTO TMOBLIE_PRODUCT VALUES(103,	'Samsung', 'Galaxy Z Flip 5',	'256gb');
   INSERT INTO TMOBLIE_PRODUCT VALUES(104,	'Samsung',	'Galazy Z Fold 5',	'256gb');
   INSERT INTO TMOBLIE_PRODUCT VALUES(105,	'Samsung',	'S23 Ultra',	'512gb');
   INSERT INTO TMOBLIE_PRODUCT VALUES(106,	'LG',	'G7+',	'64gb');
   INSERT INTO TMOBLIE_PRODUCT VALUES(107,	'LG',	'Q7+','64gb');
   
CREATE TABLE CUSTOMER_DEVICE(
	IMEI CHAR(15),
    CUSTOMERID INT,
    DEVICEID INT,
    PHONENUMBER CHAR(10) NOT NULL,
    SIMID CHAR(3) NOT NULL,
    FOREIGN KEY (CUSTOMERID) REFERENCES CUSTOMER(CUSTOMERID),
    FOREIGN KEY (DEVICEID) REFERENCES TMOBLIE_PRODUCT(DEVICEID),
    PRIMARY KEY (IMEI, CUSTOMERID));
    

    INSERT INTO CUSTOMER_DEVICE VALUE('357211095271526', 1,	100, '6465178133', '515');
    INSERT INTO CUSTOMER_DEVICE VALUE('859787654567489',	1,	103,	'3473702747',	'323');
    INSERT INTO CUSTOMER_DEVICE VALUE(987676789097654,	3,	103,	'9178589487',	'222');
    INSERT INTO CUSTOMER_DEVICE VALUE(990003191112248,	3,	100,	'5187592122',	'804');
    INSERT INTO CUSTOMER_DEVICE VALUE(865075050229646,	4,	104,	'3472601141',	'234');
    INSERT INTO CUSTOMER_DEVICE VALUE(359277060864973,	4,	102,	'7183256444', 	'095');
    INSERT INTO CUSTOMER_DEVICE VALUE(354385060226740,	5,	101,	'5167911142',	'601');
    INSERT INTO CUSTOMER_DEVICE VALUE(353464130182810,	6,	106,	'3153950389',	'631');
    INSERT INTO CUSTOMER_DEVICE VALUE(354789237928874,	7,	107,	'3154017390',	'171');
    INSERT INTO CUSTOMER_DEVICE VALUE(30135491363741,	8,	103,	'8459059712',	'822');
    INSERT INTO CUSTOMER_DEVICE VALUE(354255812409755,	9,	104,	'5187634446',	'531');
    INSERT INTO CUSTOMER_DEVICE VALUE(356170095776010,	10,	105,	'5166712708',	'593');
    INSERT INTO CUSTOMER_DEVICE VALUE(357218097101791,	11,	100,	'9173276936',	'879');
    INSERT INTO CUSTOMER_DEVICE VALUE(353921106669799,	12,	101,	'3363672138',	'848');
    INSERT INTO CUSTOMER_DEVICE VALUE(864025052519248,	13,	102,	'8282100827',	'216');
    INSERT INTO CUSTOMER_DEVICE VALUE(865075050229646,	14,	100,	'7076250229', 	'426');
    INSERT INTO CUSTOMER_DEVICE VALUE(359640098077589,	15,	103,	'9195333225',	'816');
    
    select * from customer_device;
    
    
CREATE TABLE ACTIVATION(
	CUSTOMERID INT,
    IMEI CHAR(15),
    DATE_OF_ACTIVATION DATE,
    DATE_OF_DEACTIVATION DATE,
    FOREIGN KEY (CUSTOMERID) REFERENCES CUSTOMER(CUSTOMERID),
    FOREIGN KEY (IMEI) REFERENCES CUSTOMER_DEVICE(IMEI),
    PRIMARY KEY (CUSTOMERID, IMEI)
    );
    INSERT INTO ACTIVATION (CUSTOMERID, IMEI, DATE_OF_ACTIVATION, DATE_OF_DEACTIVATION)VALUES(1,357211095271526,	20000509,	null );
    INSERT INTO ACTIVATION (CUSTOMERID, IMEI, DATE_OF_ACTIVATION, DATE_OF_DEACTIVATION)VALUES (1,	859787654567489,	20020312,	null);
    INSERT INTO ACTIVATION (CUSTOMERID, IMEI, DATE_OF_ACTIVATION, DATE_OF_DEACTIVATION)VALUES(3,	987676789097654	,19920111,	null);
    INSERT INTO ACTIVATION (CUSTOMERID, IMEI, DATE_OF_ACTIVATION, DATE_OF_DEACTIVATION)VALUES(3,	990003191112248,	20021103,	20230703);
    INSERT INTO ACTIVATION (CUSTOMERID, IMEI, DATE_OF_ACTIVATION, DATE_OF_DEACTIVATION)VALUES(4,	865075050229646,	20141111,	null);
    INSERT INTO ACTIVATION (CUSTOMERID, IMEI, DATE_OF_ACTIVATION, DATE_OF_DEACTIVATION)VALUES(4,	359277060864973,	20200505,	null);
	INSERT INTO ACTIVATION (CUSTOMERID, IMEI, DATE_OF_ACTIVATION, DATE_OF_DEACTIVATION)VALUES(5,	354385060226740,	20190807,	null);
    INSERT INTO ACTIVATION (CUSTOMERID, IMEI, DATE_OF_ACTIVATION, DATE_OF_DEACTIVATION)VALUES(6	,353464130182810,	20200126,	null);
    INSERT INTO ACTIVATION (CUSTOMERID, IMEI, DATE_OF_ACTIVATION, DATE_OF_DEACTIVATION)VALUES(7,	354789237928874,	20230624,	null);
    INSERT INTO ACTIVATION (CUSTOMERID, IMEI, DATE_OF_ACTIVATION, DATE_OF_DEACTIVATION)VALUES(8,	30135491363741,	20180913,	null);
    INSERT INTO ACTIVATION (CUSTOMERID, IMEI, DATE_OF_ACTIVATION, DATE_OF_DEACTIVATION)VALUES(9,	354255812409755,	20220628,	null);
    INSERT INTO ACTIVATION (CUSTOMERID, IMEI, DATE_OF_ACTIVATION, DATE_OF_DEACTIVATION)VALUES(10,	356170095776010,	20211124,	null);
    INSERT INTO ACTIVATION (CUSTOMERID, IMEI, DATE_OF_ACTIVATION, DATE_OF_DEACTIVATION)VALUES(11,	357218097101791,	20170301,	null);
    INSERT INTO ACTIVATION (CUSTOMERID, IMEI, DATE_OF_ACTIVATION, DATE_OF_DEACTIVATION)VALUES(12,	353921106669799,	20200520,	null);
	INSERT INTO ACTIVATION (CUSTOMERID, IMEI, DATE_OF_ACTIVATION, DATE_OF_DEACTIVATION)VALUES(13,	864025052519248,	20211126,	null);
    INSERT INTO ACTIVATION (CUSTOMERID, IMEI, DATE_OF_ACTIVATION, DATE_OF_DEACTIVATION)VALUES(14,	865075050229646	, 20170708,	null);
     INSERT INTO ACTIVATION (CUSTOMERID, IMEI, DATE_OF_ACTIVATION, DATE_OF_DEACTIVATION)VALUES(15,	359640098077589,	20181125,	20220604);
    
        
CREATE TABLE CALL_LOG(
	CALLID INT PRIMARY KEY AUTO_INCREMENT,
    CUSTOMERID INT,
    IMEI CHAR(15),
    ISSENT BOOLEAN NOT NULL,
    ISRECEIVED BOOLEAN NOT NULL,
    CALL_TO CHAR(15),
    SENDER_ZIP CHAR(5),
    SENDER_STATE CHAR(2),
    RECEIVER_ZIP CHAR(5),
    RECEVIER_STATE CHAR(2),
    LENGTH_OF_CALL INT, 
    TIME_CALL TIME,
    FOREIGN KEY (CUSTOMERID) REFERENCES CUSTOMER(CUSTOMERID),
    FOREIGN KEY (CALL_TO) REFERENCES CUSTOMER_DEVICE(IMEI),
    FOREIGN KEY (IMEI) REFERENCES CUSTOMER_DEVICE(IMEI));
    
    ALTER TABLE CALL_LOG ADD DATE_CALL DATE;
    
    INSERT INTO CALL_LOG (CALLID, IMEI, CUSTOMERID, ISSENT, ISRECEIVED, CALL_TO, SENDER_ZIP, SENDER_STATE, RECEIVER_ZIP, RECEVIER_STATE, LENGTH_OF_CALL, TIME_CALL, DATE_CALL)
VALUES
    (1000, '357211095271526', 1, FALSE, TRUE, NULL, '11419', 'NY', '11367', 'NY', 320, '02:12:32', '2023-11-04'),
    (1001, '859787654567489', 1, FALSE, TRUE, NULL, '11367', 'NY', '11367', 'NY', 100, '13:23:23', '2023-11-04'),
    (1002, '354789237928874', 7, TRUE, FALSE, '354385060226740', '11367', 'NY', '33234', 'CA', 67, '12:23:42', '2023-11-05'),
    (1003, '356170095776010', 10, TRUE, FALSE, '354385060226740', '11324', 'NJ', '22332', 'FL', 504, '13:23:32', '2023-11-06'),
    (1004, '354385060226740', 5, TRUE, FALSE, '354385060226740', '14321', 'NJ', '11367', 'NY', 200, '19:23:21', '2023-11-08'),
    (1005, '864025052519248', 13, FALSE, TRUE, NULL, '77654', 'CA', '11293', 'NY', 15, '19:28:23', '2023-11-08'),
    (1006, '865075050229646', 14, TRUE, FALSE, '987676789097654', '33453', 'CA', '21323', 'LA', 234, '15:32:42', '2023-11-09'),
    (1007, '354255812409755', 9, TRUE, FALSE, '30135491363741', '77688', 'FL', '11231', 'OH', 143, '18:32:22', '2023-11-09'),
    (1008, '354255812409755', 9, TRUE, FALSE, '353921106669799', '11367', 'NY', '55322', 'KA', 784, '04:49:01', '2023-11-10'),
    (1009, '30135491363741', 8, FALSE, TRUE, NULL, '11419', 'NY', '99874', 'GA', 204, '10:19:06', '2023-11-11'),
    (1010, '353464130182810', 6, FALSE, TRUE, NULL, '22342', 'OH', '23443', 'NY', 943, '20:19:20', '2023-11-11'),
    (1011, '353464130182810', 6, TRUE, FALSE, '865075050229646', '44643', 'GA', '22334', 'NJ', 405, '19:54:55', '2023-11-12');


CREATE TABLE TEXT_LOG(
	TEXTID INT PRIMARY KEY AUTO_INCREMENT,
    CUSTOMERID INT,
    IMEI CHAR(15),
    ISSENT BOOLEAN NOT NULL,
    ISRECEIVED BOOLEAN NOT NULL,
    TEXT_TO CHAR(15),
    SENDER_ZIP CHAR(5),
    SENDER_STATE CHAR(2),
    RECEIVER_ZIP CHAR(5),
    RECEVIER_STATE CHAR(2),
    TEXT_MESSAGE VARCHAR(300), 
    TIME_TEXT TIME,
	FOREIGN KEY (CUSTOMERID) REFERENCES CUSTOMER(CUSTOMERID),
    FOREIGN KEY (TEXT_TO) REFERENCES CUSTOMER_DEVICE(IMEI),
    FOREIGN KEY (IMEI) REFERENCES CUSTOMER_DEVICE(IMEI));
    ALTER TABLE TEXT_LOG ADD DATE_TEXT DATE;
    ALTER TABLE TEXT_LOG ADD TEXT_FROM CHAR(15);
    
INSERT INTO TEXT_LOG(TEXTID,IMEI, CUSTOMERID, ISSENT, ISRECEIVED, TEXT_TO, TEXT_FROM, SENDER_ZIP, SENDER_STATE, RECEIVER_ZIP, RECEVIER_STATE, TEXT_MESSAGE, TIME_TEXT, DATE_TEXT)
 VALUES(5000,	357211095271526,	1,	FALSE,	TRUE,	NULL,	865075050229646,	11367,	'NY',	11423,	'NY',	"Hey! What are you doing?",	'03:23:12',	20231001);
 INSERT INTO TEXT_LOG(TEXTID,IMEI, CUSTOMERID, ISSENT, ISRECEIVED, TEXT_TO, TEXT_FROM, SENDER_ZIP, SENDER_STATE, RECEIVER_ZIP, RECEVIER_STATE, TEXT_MESSAGE, TIME_TEXT, DATE_TEXT)
 VALUES(5001,	865075050229646,	4,	TRUE,	FALSE,	357211095271526,	NULL,	11367,	'NY',	22334,	'NJ',	"Nothing much? What do you want to do tonight?",	'04:55:10',	20231001);
 INSERT INTO TEXT_LOG(TEXTID,IMEI, CUSTOMERID, ISSENT, ISRECEIVED, TEXT_TO, TEXT_FROM, SENDER_ZIP, SENDER_STATE, RECEIVER_ZIP, RECEVIER_STATE, TEXT_MESSAGE, TIME_TEXT, DATE_TEXT)
 VALUES(5002,	865075050229646,	7,	TRUE,	FALSE,	357211095271526,	NULL,	32343,	'NJ',	11367,	'KA',	"Im so mad right now! Its been 6 hours why are you not replying!?",	'10:20:30',	20231004);
INSERT INTO TEXT_LOG(TEXTID,IMEI, CUSTOMERID, ISSENT, ISRECEIVED, TEXT_TO, TEXT_FROM, SENDER_ZIP, SENDER_STATE, RECEIVER_ZIP, RECEVIER_STATE, TEXT_MESSAGE, TIME_TEXT, DATE_TEXT)
 VALUES(5003,	356170095776010,	10,	TRUE,	FALSE,	353464130182810,	NULL,	34221,	'GA',	44342,	'LA', "Yo bro get on the game!"	,'19:18:20',	20231004);
INSERT INTO TEXT_LOG(TEXTID,IMEI, CUSTOMERID, ISSENT, ISRECEIVED, TEXT_TO, TEXT_FROM, SENDER_ZIP, SENDER_STATE, RECEIVER_ZIP, RECEVIER_STATE, TEXT_MESSAGE, TIME_TEXT, DATE_TEXT)
 VALUES(5004,	353921106669799,	12,	FALSE,	TRUE,	NULL,	357218097101791,	11343,	'LA',	11367,	'FL',	"Not Much hby?"	,'20:18:01',	20231005);
INSERT INTO TEXT_LOG(TEXTID,IMEI, CUSTOMERID, ISSENT, ISRECEIVED, TEXT_TO, TEXT_FROM, SENDER_ZIP, SENDER_STATE, RECEIVER_ZIP, RECEVIER_STATE, TEXT_MESSAGE, TIME_TEXT, DATE_TEXT)
 VALUES(5005,	865075050229646,	14,	FALSE,	TRUE,	NULL,	864025052519248	,22342,	'OH',	99843,	'FL',	"You're being a bad friend.",	'21:43:56',	20231005);
INSERT INTO TEXT_LOG(TEXTID,IMEI, CUSTOMERID, ISSENT, ISRECEIVED, TEXT_TO, TEXT_FROM, SENDER_ZIP, SENDER_STATE, RECEIVER_ZIP, RECEVIER_STATE, TEXT_MESSAGE, TIME_TEXT, DATE_TEXT)
 VALUES(5006,	865075050229646,	14,	TRUE,	FALSE,	354385060226740,	NULL,	11367,	'NY',11234,	'NY',	"Lol, look at this meme I'm about to send.",	'19:28:09',	20231006);
INSERT INTO TEXT_LOG(TEXTID,IMEI, CUSTOMERID, ISSENT, ISRECEIVED, TEXT_TO, TEXT_FROM, SENDER_ZIP, SENDER_STATE, RECEIVER_ZIP, RECEVIER_STATE, TEXT_MESSAGE, TIME_TEXT, DATE_TEXT)
 VALUES(5007,	353464130182810,	6,	FALSE,	TRUE,	NULL,	354385060226740,	99834,	'NJ',	11231,	'NY',	"What time are you coming to campus?",	'23:32:05',	20231009);
 INSERT INTO TEXT_LOG(TEXTID,IMEI, CUSTOMERID, ISSENT, ISRECEIVED, TEXT_TO, TEXT_FROM, SENDER_ZIP, SENDER_STATE, RECEIVER_ZIP, RECEVIER_STATE, TEXT_MESSAGE, TIME_TEXT, DATE_TEXT)
 VALUES(5008,	354385060226740,	5,	TRUE,	FALSE,	357218097101791,	NULL,	77688,	'FL',	99834,	'NJ',	"Is it your dad's birthday today?",	'10:54:23',	20231011);
 INSERT INTO TEXT_LOG(TEXTID,IMEI, CUSTOMERID, ISSENT, ISRECEIVED, TEXT_TO, TEXT_FROM, SENDER_ZIP, SENDER_STATE, RECEIVER_ZIP, RECEVIER_STATE, TEXT_MESSAGE, TIME_TEXT, DATE_TEXT)
 VALUES(5009,	865075050229646,	4,	FALSE,	TRUE,	NULL,	354385060226740,	32342,	'FL',	11349,	'KA',	"What are we doing for your graduation party?",	'11:11:11',	20231012);
  INSERT INTO TEXT_LOG(TEXTID,IMEI, CUSTOMERID, ISSENT, ISRECEIVED, TEXT_TO, TEXT_FROM, SENDER_ZIP, SENDER_STATE, RECEIVER_ZIP, RECEVIER_STATE, TEXT_MESSAGE, TIME_TEXT, DATE_TEXT)
 VALUES(5010,	357218097101791,	11,	FALSE,	TRUE,	NULL,	865075050229646,	11367,	'NY',	21123,	'GA',	"Wanna come over and watch anime with me?",	'13:12:13',	20231012);
 INSERT INTO TEXT_LOG(TEXTID,IMEI, CUSTOMERID, ISSENT, ISRECEIVED, TEXT_TO, TEXT_FROM, SENDER_ZIP, SENDER_STATE, RECEIVER_ZIP, RECEVIER_STATE, TEXT_MESSAGE, TIME_TEXT, DATE_TEXT)
 VALUES(5011,	864025052519248,	13,	TRUE,	FALSE,	859787654567489,	NULL,	14343,	'KA',	11451,	'LA',	"Im so mad at you!",	'20:23:11',	20231013);
 INSERT INTO TEXT_LOG(TEXTID,IMEI, CUSTOMERID, ISSENT, ISRECEIVED, TEXT_TO, TEXT_FROM, SENDER_ZIP, SENDER_STATE, RECEIVER_ZIP, RECEVIER_STATE, TEXT_MESSAGE, TIME_TEXT, DATE_TEXT)
 VALUES(5012,	356170095776010,	10,	FALSE,	TRUE,	NULL,	354255812409755,	93043,	'GA',	11367,	'FL', "Make sure the dishes are done before I come home tomorrow!",	'21:04:03',	20231013);
 INSERT INTO TEXT_LOG(TEXTID,IMEI, CUSTOMERID, ISSENT, ISRECEIVED, TEXT_TO, TEXT_FROM, SENDER_ZIP, SENDER_STATE, RECEIVER_ZIP, RECEVIER_STATE, TEXT_MESSAGE, TIME_TEXT, DATE_TEXT)
 VALUES(5013,	357218097101791,	11,	FALSE,	TRUE,	NULL,	356170095776010,	11367,	'NY',	11349,	'NY',	"Please take out the garbage before you go to school tomorrow.",	'22:02:03',	20231014);
INSERT INTO TEXT_LOG(TEXTID,IMEI, CUSTOMERID, ISSENT, ISRECEIVED, TEXT_TO, TEXT_FROM, SENDER_ZIP, SENDER_STATE, RECEIVER_ZIP, RECEVIER_STATE, TEXT_MESSAGE, TIME_TEXT, DATE_TEXT)
 VALUES(5014,	354385060226740,	5,	FALSE,	TRUE,	NULL,	354789237928874,	22342,	'NY',	11419,	'NY',	"Heading out see you soon!",	'23:10:43',	20231014);
 INSERT INTO TEXT_LOG(TEXTID,IMEI, CUSTOMERID, ISSENT, ISRECEIVED, TEXT_TO, TEXT_FROM, SENDER_ZIP, SENDER_STATE, RECEIVER_ZIP, RECEVIER_STATE, TEXT_MESSAGE, TIME_TEXT, DATE_TEXT)
 VALUES(5015,	354255812409755,	9,	TRUE,	FALSE,	865075050229646,	NULL,	11343,	'NJ',	11419,	'NY',	"I hate you!",	'23:14:32',	20231014);
 
CREATE TABLE CUSTOMER_WEB(
	WEBID INT PRIMARY KEY AUTO_INCREMENT,
    CUSTOMERID INT, 
    IMEI CHAR(15),
    START_DATE DATE,
    BYTES_SENT INT NOT NULL,
    BYTES_RECEIVED INT NOT NULL,
    URL_ACCESSED VARCHAR(200) NOT NULL,
    TIME_ACCESSED TIME NOT NULL,
    FOREIGN KEY (CUSTOMERID) REFERENCES CUSTOMER(CUSTOMERID),
    FOREIGN KEY (IMEI) REFERENCES CUSTOMER_DEVICE(IMEI));
    
    INSERT INTO CUSTOMER_WEB (WEBID, CUSTOMERID, IMEI, START_DATE, BYTES_SENT, BYTES_RECEIVED, URL_ACCESSED, TIME_ACCESSED)
VALUES
    (10001, 3, '990003191112248', '2023-11-03', 100, 0, 'forbes.com', '19:28:09'),
    (10002, 6, '353464130182810', '2023-11-04', 203, 0, 'ted.com', '15:32:42'),
    (10003, 9, '354255812409755', '2023-11-04', 0, 3004, 'youtube.com', '19:54:55'),
    (10004, 11, '357218097101791', '2023-11-04', 0, 2345, 'youtube.com', '23:32:05'),
    (10005, 1, '357211095271526', '2023-11-05', 0, 3234, 'youtube.com', '12:23:42'),
    (10006, 9, '354255812409755', '2023-11-05', 948, 0, 'tumblr.com', '22:02:03'),
    (10007, 7, '354789237928874', '2023-11-06', 1134, 0, 'twitter.com', '10:20:30'),
    (10008, 9, '354255812409755', '2023-11-06', 4334, 0, 'tumblr.com', '23:10:43'),
    (10009, 1, '357211095271526', '2023-11-07', 0, 4324, 'tumblr.com', '19:18:20'),
    (10010, 7, '354789237928874', '2023-11-07', 204, 0, 'twitter.com', '19:54:55'),
    (10011, 7, '354789237928874', '2023-11-08', 0, 5533, 'twitter.com', '04:55:10');

    
CREATE TABLE INVOICE(
	INVOICEID INT PRIMARY KEY AUTO_INCREMENT,
    CUSTOMERID INT,
    COST INT NOT NULL,
    PAYMENT_TYPE VARCHAR(5),
    PAYMENT_DATE DATE NOT NULL,
	FOREIGN KEY (CUSTOMERID) REFERENCES CUSTOMER(CUSTOMERID));
    
    INSERT INTO INVOICE (INVOICEID, CUSTOMERID, COST, PAYMENT_TYPE, PAYMENT_DATE)
VALUES
    (301, 1, 111, 'card', '2023-11-28'),
    (302, 3, 183, 'check', '2023-11-28'),
    (304, 5, 93, 'check', '2023-11-29'),
    (305, 9, 23, 'cash', '2023-11-30'),
    (306, 8, 119, 'card', '2023-11-30');
